,precision,recall,f1-score,support
drawings,0.8115091015854374,0.691,0.7464218201458277,2000.0
hentai,0.800880626223092,0.8185,0.8095944609297724,2000.0
neutral,0.803352967829633,0.8865,0.8428809127644401,2000.0
porn,0.9222520107238605,0.688,0.7880870561282932,2000.0
sexy,0.7227877838684417,0.923,0.8107158541941152,2000.0
accuracy,0.8014,0.8014,0.8014,0.8014
macro avg,0.8121564980460928,0.8013999999999999,0.7995400208324897,10000.0
weighted avg,0.8121564980460929,0.8014,0.7995400208324897,10000.0
