,precision,recall,f1-score,support
drawings,0.7647058823529411,0.6305,0.6911482597972046,2000.0
hentai,0.7942794279427943,0.722,0.7564169722367732,2000.0
neutral,0.7376362112321878,0.88,0.8025535795713634,2000.0
porn,0.9076607387140903,0.6635,0.7666088965915655,2000.0
sexy,0.6722532588454376,0.9025,0.7705442902881536,2000.0
accuracy,0.7597,0.7597,0.7597,0.7597
macro avg,0.7753071038174901,0.7596999999999999,0.7574543996970121,10000.0
weighted avg,0.7753071038174904,0.7597,0.7574543996970121,10000.0
